﻿No,許可番号,業種,営業所所在地,営業所方書,屋号,営業者名,営業所ＴＥＬ,許可開始日,許可満了日,営業者住所,営業者方書,営業者ＴＥＬ,緯度,経度
1,6令台台健生食ほ第1234号,飲食店営業（すし屋）,上野四丁目７番８号,アメ横センタービル　５３号Ｂ区,鮨　ＩＳＳＥＩ,Ｕｎｅｅｄｓ株式会社,,2024/11/14,2031/11/30,東京都台東区北上野２丁目２２番７号,エステ北上野２０３号,,35.709705,139.774414
2,6令台台健生食ほ第1291号,飲食店営業（そば）,上野七丁目２番１号,昭栄ビル　１、２階,富士そば　　上野店,ダイタンマルシェ株式会社,3845-0094,2024/11/19,2030/11/30,東京都渋谷区代々木一丁目３６番１号,オダカビル３階,6276-3525,35.71241,139.777435
3,6令台台健生食ほ第1339号,飲食店営業（そば）,鳥越二丁目１０番１０号,１階,栄久,※,3851-0683,2024/11/25,2031/11/30,※,※,※,35.703014,139.785751
4,6令台台健生食ほ第1180号,飲食店営業（そば）,上野七丁目１０番６号,,つたや,※,3844-3493,2024/11/5,2030/11/30,※,※,※,35.715515,139.779388
5,6令台台健生食ほ第1100号,飲食店営業（そば）,東上野三丁目６番６号,,小倉庵,※,3832-7743,2024/11/8,2031/11/30,※,※,※,35.710072,139.78067
6,6令台台健生食ほ第1265号,飲食店営業（バー・キャバレー）,日本堤一丁目１０番６号,堀田ビル２階,バ－ニューデュ－テ,※,,2024/11/28,2030/11/30,※,※,※,35.725517,139.797058
7,6令台台健生食ほ第1379号,飲食店営業（バー・キャバレー）,花川戸一丁目１３番１６号,浜松ビル２階,Ｓｏｕｌｔｒａｎｅ（ソウルトレーン）,※,3843-5063,2024/11/29,2030/11/30,※,※,※,35.713154,139.799744
8,6令台台健生食ほ第1281号,飲食店営業（バー・キャバレー）,西浅草二丁目１３番９号,大国屋１４ビル　８階,Ｂａｒ　Ａ,株式会社アイアール,5830-7725,2024/11/27,2030/11/30,東京都足立区皿沼一丁目１５番７号,,5830-7725,35.712498,139.791977
9,6令台台健生食ほ第1300号,飲食店営業（バー・キャバレー）,松が谷一丁目１１番３号,志村ビル１階　ＬＷＡＮ　Ｃｉｇａｒｓ内,Ｂａｒ　ＢＲＩＬＬ,※,6426-2170,2024/11/22,2030/11/30,※,※,※,35.712036,139.787872
10,6令台台健生食ほ第1226号,飲食店営業（バー・キャバレー）,根岸二丁目１８番１０号,根岸ハイム１０３号,支配人ハヤシ,※,,2024/11/15,2030/11/30,※,※,※,35.724964,139.777359
11,6令台台健生食ほ第1215号,飲食店営業（バー・キャバレー）,浅草三丁目２８番４号,ｓｅｋｏビル１０１,Ｓｍｉｌｅ,※,,2024/11/7,2030/11/30,※,※,※,35.717056,139.798584
12,6令台台健生食ほ第1181号,飲食店営業（バー・キャバレー）,上野四丁目６番４号,ＯＧＳⅡ４階,ビアポンバーＧＲＯＶＥ　上野３号店,株式会社ＧＬＯＶＥ　ＧＲＯＶＥ,3834-7360,2024/11/6,2030/11/30,東京都豊島区東池袋４丁目２１番１－３０１号,,6914-0828,35.708591,139.774155
13,6令台台健生食ほ第1196号,飲食店営業（バー・キャバレー）,浅草二丁目１９番１０号,１階,鮨晴（ｓｕｓｈｉ　ｂａｒｕ）,※,,2024/11/7,2030/11/30,※,※,※,35.716743,139.793091
14,6令台台健生食ほ第1275号,飲食店営業（一般・イタリアン）,浅草一丁目２３番１号,若万ビル１階,ＩＲＯＲＩＡ,株式会社Ｒｉｙａｎａ,3845-8495,2024/11/21,2030/11/30,東京都台東区浅草一丁目２３番１号,若万ビル１階,,35.712086,139.793823
15,6令台台健生食ほ第1229号,飲食店営業（一般・お好み焼きもんじゃ）,上野二丁目１１番７号,ふじ芳ビル１～２階,上野　お好み焼き　鉄板マニアじゅうじゅう,株式会社ＧＲＡＩＬ,,2024/11/13,2030/11/30,東京都新宿区歌舞伎町二丁目４１番８号,第２下村ビル８階,5846-8822,35.708946,139.77037
16,6令台台健生食ほ第1094号,飲食店営業（一般・お好み焼きもんじゃ）,上野六丁目８番１１号,１Ｆ,月島もんじゃ三九　上野２号店,日本蜀里株式会社,5834-4822,2024/11/1,2031/10/31,神奈川県横浜市中区山下町１９１番地１０－３Ｆ,,,35.710087,139.775558
17,6令台台健生食ほ第1228号,飲食店営業（一般・コンビニ）,西浅草三丁目１番１１号,地下１階,ファミリーマートＴＸ浅草駅店,セキショウブランニューシステム株式会社,3843-7670,2024/11/27,2030/11/30,茨城県つくば市東新井１２番地２,,,35.714043,139.792282
18,6令台台健生食ほ第1079号,飲食店営業（一般・コンビニ）,蔵前二丁目６番４号,マスダヤビル１階,デイリーヤマザキ台東蔵前駅前店,※,5820-9151,2024/11/1,2030/10/31,※,※,※,35.703598,139.791565
19,6令台台健生食ほ第1139号,飲食店営業（一般・スナック）,上野二丁目５番４号,上野サンシャインビル地下１階Ｈ号店舗,サカエ,※,5846-8829,2024/11/12,2030/11/30,※,※,※,35.708881,139.772095
20,6令台台健生食ほ第1236号,飲食店営業（一般・スナック）,浅草四丁目３７番２号,渋江店舗１階右側,Ａｎｅｌａ,※,6240-6405,2024/11/29,2030/11/30,※,※,※,35.719284,139.795654
21,6令台台健生食ほ第1146号,飲食店営業（一般・スナック）,上野二丁目１２番６号,クレオビル地下１階,モモンガ,※,,2024/11/13,2030/11/30,※,※,※,35.709385,139.772385
22,6令台台健生食ほ第1251号,飲食店営業（一般・スナック）,上野二丁目１１番８号,ウィステリア９１ビル４階７号,ぐらっちぇ,※,3835-3900,2024/11/18,2030/11/30,※,※,※,35.708912,139.770218
23,6令台台健生食ほ第1143号,飲食店営業（一般・スナック）,上野二丁目８番７号,ＳＥＩＫＡ　ＢＬＤ．２階,スナック　純子,合同会社ジュンベスト,3837-2580,2024/11/19,2030/11/30,埼玉県川口市原町５－２５,,,35.709354,139.772629
24,6令台台健生食ほ第1213号,飲食店営業（一般・スナック）,千束二丁目２５番４号,,フォー．アンド．モア,※,3876-5567,2024/11/28,2030/11/30,※,※,※,35.721554,139.790619
25,6令台台健生食ほ第1376号,飲食店営業（一般・その他）,根岸一丁目１番１４号,第二大島ビル４・５・６階,東京キネマ倶楽部,株式会社ＢＩＥ,3874-7987,2024/11/29,2030/11/30,東京都渋谷区松濤一丁目９番２２号,,6823-1195,35.72076,139.78006
26,6令台台健生食ほ第1239号,飲食店営業（一般・その他）,東上野五丁目２４番１０号,浅海ビル１階,藤よし,※,5830-7385,2024/11/12,2031/11/30,※,※,※,35.715427,139.782822
27,6令台台健生食ほ第1038号,飲食店営業（一般・その他）,西浅草二丁目１４番１６号,蒔田ビル　１階,うどん家　八重桜　浅草店,株式会社八重桜,6284-7870,2024/11/11,2031/11/30,東京都千代田区有楽町２丁目１０番１号,東京交通会館地下１階Ｂ１５３号室,6284-7870,35.712967,139.792068
28,6令台台健生食ほ第1095号,飲食店営業（一般・その他）,浅草一丁目１８番３号,遠藤ビル２階,ＴＨＥ　ＷＡＧＹＵ　ＢＲＯＴＨＥＲＳ,株式会社ＭＦＰ,,2024/11/7,2030/11/30,東京都台東区浅草一丁目１８番３号,,,35.711269,139.796082
29,6令台台健生食ほ第1178号,飲食店営業（一般・その他）,上野三丁目２７番３号,ハトヤビル３　６階、７階,キッチンさくらい,株式会社カスタム,6240-1648,2024/11/15,2031/11/30,東京都文京区湯島３丁目４０番７号,,3832-9391,35.707104,139.774048
30,6令台台健生食ほ第1304号,飲食店営業（一般・その他）,浅草二丁目５番９号,１階,たこの鳴き声,株式会社Ｂｅ　ａｌｉｖｅ,3845-8250,2024/11/28,2030/11/30,東京都港区北青山２丁目７番１３号,,,35.713829,139.793869
31,6令台台健生食ほ第1195号,飲食店営業（一般・その他）,東上野四丁目７番１２号,１階,ひまわり,※,3841-1708,2024/11/21,2030/11/30,※,※,※,35.713379,139.779861
32,6令台台健生食ほ第1063号,飲食店営業（一般・その他）,浅草一丁目４３番５号,,デニーズ浅草国際通り店,株式会社セブン＆アイ・フードシステムズ,,2024/11/14,2031/11/30,東京都千代田区二番町８番地８,,6238-3570,35.713345,139.792526
33,6令台台健生食ほ第1168号,飲食店営業（一般・その他国別料理）,浅草橋一丁目３０番４号,１階,タイ屋台７７７,チャラティー株式会社,6806-9439,2024/11/7,2030/11/30,東京都江戸川区西小岩一丁目２２番８号,,6806-9439,35.698139,139.786194
34,6令台台健生食ほ第1285号,飲食店営業（一般・とんかつ）,寿四丁目７番７号,グリーンキャピタル浅草１０３,デンキヤホール,※,5830-6610,2024/11/20,2031/11/30,※,※,※,35.708931,139.791504
35,6令台台健生食ほ第1092号,飲食店営業（一般・ネットカフェ・漫画喫茶）,上野四丁目２番６号,上野西田ビル　２階,快活ＣＬＵＢ　上野御徒町店,株式会社快活フロンティア,5846-4388,2024/11/6,2030/11/30,神奈川県横浜市都筑区北山田三丁目１番５０号,,,35.708492,139.773987
36,6令台台健生食ほ第1359号,飲食店営業（一般・ファーストフード）,浅草二丁目９番１４号,大番会館１階,かつや浅草店,株式会社かつや,5827-1441,2024/11/28,2030/11/30,東京都千代田区神田駿河台４丁目３番地,新お茶の水ビルディング１４階,5217-1535,35.714607,139.793274
37,6令台台健生食ほ第1257号,飲食店営業（一般・ファーストフード）,根岸一丁目６番６号,１－２階,日本マクドナルド㈱　鴬谷北口店,日本マクドナルド株式会社,5603-7706,2024/11/15,2030/11/30,東京都新宿区西新宿六丁目５番１号,,6911-5000,35.722713,139.777832
38,6令台台健生食ほ第1197号,飲食店営業（一般・ラーメン）,上野三丁目１３番１号,西武ビル　１階,らーめん　藪づか,※,6284-2434,2024/11/13,2031/11/30,※,※,※,35.705067,139.773102
39,6令台台健生食ほ第1351号,飲食店営業（一般・ラーメン）,上野七丁目１番１号,ＪＲ上野駅構内　ｅｃｕｔｅ上野Ｃ－０２ａ,Ｔ’ｓたんたん　ｅｃｕｔｅ上野店,株式会社ＪＲ東日本クロスステーション,5826-5618,2024/11/28,2031/11/30,東京都渋谷区千駄ヶ谷５丁目３３番８号,,,35.713696,139.776917
40,6令台台健生食ほ第1208号,飲食店営業（一般・ラーメン）,清川一丁目２９番５号,,大釜本店,※,3872-0103,2024/11/26,2030/11/30,※,※,※,35.726208,139.804291
41,6令台台健生食ほ第1187号,飲食店営業（一般・韓国料理）,上野一丁目２番５号,黒門町ビル１０２,起英ファミリー,※,5826-4779,2024/11/7,2030/11/30,※,※,※,35.705418,139.770981
42,6令台台健生食ほ第1337号,飲食店営業（一般・居酒屋）,柳橋二丁目６番４号,木島ビル１－２Ｆ,創作料理　禅弥,株式会社順惠商社,5829-9717,2024/11/26,2031/11/30,東京都台東区柳橋２丁目６番４号,木島ビル１－２Ｆ,5829-9717,35.698719,139.787369
43,6令台台健生食ほ第1085号,飲食店営業（一般・居酒屋）,上野二丁目１０番４号,池之端会館１階,赤提灯,※,3835-4966,2024/11/19,2030/11/30,※,※,※,35.70892,139.77153
44,6令台台健生食ほ第1204号,飲食店営業（一般・居酒屋）,上野六丁目４番１４号,上野６丁目ＪＲ高架下貸店舗,立呑み晩杯屋　御徒町店,株式会社アクティブソース,6803-0345,2024/11/11,2031/11/30,東京都品川区小山３丁目２４番１０号,,6459-6551,35.708656,139.775162
45,6令台台健生食ほ第1249号,飲食店営業（一般・居酒屋）,上野四丁目６番６号,松本ビル１－２階,鳥よい,株式会社　盛宏商事,6284-4509,2024/11/29,2030/11/30,東京都台東区北上野一丁目６番９号,ビューハイツ小柴　１０２号室,6803-2337,35.708809,139.774109
46,6令台台健生食ほ第1380号,飲食店営業（一般・居酒屋）,上野三丁目４番８号,御徒町ＹＯＲＯＺＵＹＡビル４階,ｆｏｒ　ｔｈｅ　ｓａｋｅ　ｏｆ　ＳＡＫＥ,酉酒酉文化株式会社,,2024/11/29,2030/11/30,東京都台東区上野三丁目４番８号,,,35.703785,139.773895
47,6令台台健生食ほ第1184号,飲食店営業（一般・居酒屋）,浅草四丁目１０番５号,菊地マンション１階左から２,浅草ワイン屋　Ｖｉｎｏ　ａｂｅ,※,,2024/11/27,2030/11/30,※,※,※,35.71841,139.796951
48,6令台台健生食ほ第1292号,飲食店営業（一般・居酒屋）,上野六丁目１３番１号,フォーラム味ビル１階,立飲み　カドクラ,株式会社大和寿商事,3832-5335,2024/11/22,2030/11/30,東京都台東区上野２丁目８番１０号,,3834-6541,35.710331,139.775436
49,6令台台健生食ほ第1179号,飲食店営業（一般・居酒屋）,上野四丁目９番６号,ナガフジビル　別館２階,ときわ亭　上野店,ＧＯＳＳＯ株式会社,6806-0027,2024/11/19,2031/11/30,東京都渋谷区宇田川町１４番１３号,宇田川町ビル６階,6316-8191,35.710175,139.773865
50,6令台台健生食ほ第1233号,飲食店営業（一般・居酒屋）,上野六丁目１３番５号,ジャングルビル地下１階～２階,鳥道酒場,偉業合同会社,5846-8469,2024/11/12,2031/11/30,東京都台東区東上野３丁目２１－２,越前ビル３０５,5607-6066,35.710655,139.775024
51,6令台台健生食ほ第1290号,飲食店営業（一般・居酒屋）,上野三丁目２２番３号,ジイドビル１階,御徒町ワインバル　八十郎,株式会社ジー・フィールド,6240-1286,2024/11/26,2030/11/30,東京都中央区築地２丁目７番１２号１５山京ビル,,6278-8684,35.706276,139.773468
52,6令台台健生食ほ第1058号,飲食店営業（一般・居酒屋）,浅草四丁目７番１２号,アビタシオン浅草Ⅲ１Ｆ,百作,株式会社　橋本,3874-1339,2024/11/6,2030/11/30,東京都台東区浅草四丁目７番１２号,,3874-1339,35.71793,139.797577
53,6令台台健生食ほ第1360号,飲食店営業（一般・居酒屋）,浅草二丁目７番２１号,１階,がじゅまる,※,,2024/11/28,2030/11/30,※,※,※,35.715202,139.794373
54,6令台台健生食ほ第1279号,飲食店営業（一般・居酒屋）,浅草二丁目７番２１号,,大池,※,3841-8868,2024/11/20,2030/11/30,※,※,※,35.715202,139.794373
55,6令台台健生食ほ第1190号,飲食店営業（一般・居酒屋）,竜泉二丁目１４番９号,,炭火焼　昴,株式会社ＢＳＪ,5849-4429,2024/11/7,2030/11/30,東京都台東区竜泉３丁目２０番７号,,,35.726654,139.790436
56,6令台台健生食ほ第1201号,飲食店営業（一般・軽食喫茶）,北上野二丁目３０番５号,大黒ビル１階,ＵＭＩ　ＣＡＫＥ,福祥柏元株式会社,,2024/11/1,2030/10/31,千葉県松戸市松戸１４０１番地,,,35.719547,139.784073
57,6令台台健生食ほ第1189号,飲食店営業（一般・軽食喫茶）,下谷二丁目１番１０号,森ビル１Ｆ－２Ｆ,ドトールコーヒーショップ入谷駅前店,有限会社　ブラウン・フード・システムズ・プロジェクト,3876-3900,2024/11/18,2031/11/30,東京都荒川区南千住六丁目３７番９－１３０６号,,3801-0880,35.720188,139.783875
58,6令台台健生食ほ第1284号,飲食店営業（一般・軽食喫茶）,浅草橋三丁目４番２号,三田ビル１階,Ｃａｆｅ＆Ｂａｒ　うそのたばこ店,株式会社　うその,5829-6442,2024/11/22,2030/11/30,東京都墨田区京島三丁目２０番５号,,,35.700413,139.786087
59,6令台台健生食ほ第1280号,飲食店営業（一般・軽食喫茶）,浅草橋一丁目２６番１１号,丸七製茶東京支店,丸七製茶東京支店,丸七製茶株式会社,6240-9857,2024/11/19,2031/11/30,静岡県島田市本通６丁目８３７０番地,,,35.698219,139.784058
60,6令台台健生食ほ第1222号,飲食店営業（一般・軽食喫茶）,谷中七丁目５番１０号,フォレスト初音１０１,ｃｒｅｐｅ　ｍａｋｉ　ｍａｋｉ,※,,2024/11/25,2030/11/30,※,※,※,35.723949,139.769119
61,6令台台健生食ほ第1334号,飲食店営業（一般・軽食喫茶）,浅草一丁目３０番８号,シャイン浅草２．１階,ほーりぃ,※,5828-5878,2024/11/28,2030/11/30,※,※,※,35.712143,139.795639
62,6令台台健生食ほ第979号,飲食店営業（一般・軽食喫茶）,浅草橋五丁目２０番８号,ＣＳタワー１１３　１階,ＨＥＲＢＳ,※,,2024/11/5,2030/11/30,※,※,※,35.701427,139.780914
63,6令台台健生食ほ第1212号,飲食店営業（一般・軽食喫茶）,浅草橋一丁目１７番４号,１階　ＪＲ浅草橋高架下Ｃ区画,ｎａｎｏ　ｃｏｆｆｅｅｒｏａｓｔｅｒ,※,,2024/11/27,2030/11/30,※,※,※,35.6973,139.78595
64,6令台台健生食ほ第1167号,飲食店営業（一般・軽食喫茶）,寿三丁目１２番２号,,Ｍｉｎｎ浅草蔵前Ｎｏｒｔｈ,株式会社ＳＱＵＥＥＺＥ,,2024/11/25,2030/11/30,東京都渋谷区神山町６番４号,,6455-4721,35.706615,139.791962
65,6令台台健生食ほ第1082号,飲食店営業（一般・軽食喫茶）,谷中三丁目１１番１４号,,Ｃａｌｍ　Ｃｏｆｆｅｅ　Ｔｏｋｙｏ,※,,2024/11/13,2030/11/30,※,※,※,35.72765,139.766418
66,6令台台健生食ほ第1346号,飲食店営業（一般・焼肉）,上野二丁目５番８号,数寄屋ビル１階,焼肉ここから　上野店,株式会社　ＩＳＳＥＩ,6806-0295,2024/11/28,2030/11/30,東京都墨田区緑１－２１－１０,ＢＲ両国２ビル９０１,6659-3543,35.708759,139.772369
67,6令台台健生食ほ第951号,飲食店営業（一般・焼肉）,浅草橋一丁目２１番９号,今井ビル１階,大阪焼肉・ホルモン　ふたご　浅草橋店,株式会社ＦＴＧ　Ｃｏｍｐａｎｙ,5839-2572,2024/11/8,2031/11/30,東京都目黒区中目黒三丁目６番１号,千陽アポロンビル４Ｆ,3791-2518,35.697655,139.785095
68,6令台台健生食ほ第1144号,飲食店営業（一般・焼肉）,浅草二丁目１４番７号,マガザン浅草十二階,焼肉一頭牛,有限会社書龍,6320-5415,2024/11/7,2030/11/30,東京都台東区浅草二丁目１４番７号,１Ｆ,6320-5415,35.71579,139.793213
69,6令台台健生食ほ第1150号,飲食店営業（一般・焼肉）,上野六丁目１０番２２号,２階,Ｔｈｅ　Ｇｏｄ　Ｄｉｎｅｒ,株式会社サンクスコーポレーション,6284-2334,2024/11/1,2030/10/31,東京都台東区上野６丁目７番５号,,5817-8328,35.709358,139.775101
70,6令台台健生食ほ第1237号,飲食店営業（一般・焼肉）,東上野二丁目１５番６号,,馬山館,※,3831-5267,2024/11/22,2030/11/30,※,※,※,35.70966,139.777283
71,6令台台健生食ほ第1210号,飲食店営業（一般・食堂）,花川戸一丁目４番１号,東武ビル　７階７０３－３,６６ＤＩＮＩＮＧ六本木六丁目食堂浅草ＥＫＩＭＩＳＥ店,チムニー株式会社,5826-6625,2024/11/8,2031/11/30,東京都墨田区亀沢一丁目１番１５号,,5839-2600,35.71122,139.797836
72,6令台台健生食ほ第1209号,飲食店営業（一般・食堂）,浅草五丁目５３番４号,,雨宮,※,3873-1506,2024/11/8,2030/11/30,※,※,※,35.721512,139.796936
73,6令台台健生食ほ第1323号,飲食店営業（一般・食堂）,根岸三丁目１８番２１号,,ＴａＲｉＴｏ,※,,2024/11/28,2030/11/30,※,※,※,35.723812,139.78392
74,6令台台健生食ほ第1200号,飲食店営業（一般・中華料理）,浅草六丁目３９番１号,遊雲亭１階,繁花　上海の蔵,之諾覚醒株式会社,,2024/11/14,2030/11/30,東京都千代田区麹町二丁目１２番地１８,,,35.718784,139.800201
75,6令台台健生食ほ第860号,飲食店営業（一般・中華料理）,千束三丁目３３番８号,佐藤ビル１０１,萬福記餃子,東京新日本オークション株式会社,6231-7998,2024/11/1,2030/10/31,東京都台東区竜泉２－１３－１０,三ノ輪ビル２Ｆ,6802-4951,35.723511,139.79155
76,6令台台健生食ほ第1240号,飲食店営業（一般・中華料理）,根岸四丁目７番４号,金井ビル１０１,山月中華料理,合同会社山月中国家庭料理,6240-6478,2024/11/28,2030/11/30,東京都台東区根岸三丁目１番１１‐５０３号,アルス鶯谷,,35.725037,139.781982
77,6令台台健生食ほ第1248号,飲食店営業（一般・中華料理）,西浅草二丁目１４番１３号,マンション西浅草　１階,四川料理　福楽,銘遠株式会社,3841-6058,2024/11/19,2030/11/30,東京都台東区西浅草二丁目１４番１３号,マンション西浅草１Ｆ,,35.713314,139.792038
78,6令台台健生食ほ第1224号,飲食店営業（一般・中華料理）,下谷二丁目３番９号,,元気薬膳食堂,多加合同会社,,2024/11/25,2031/11/30,東京都江東区古石場１丁目１番１号,,,35.720543,139.782486
79,6令台台健生食ほ第986号,飲食店営業（一般・日本料理）,上野三丁目２７番１２号,御徒町吉池本店ビル８０５,ねぎし御徒町店,株式会社ねぎしフードサービス,6284-2919,2024/11/11,2030/11/30,東京都新宿区西新宿七丁目２２番３６号,三井花桐ビル４階,3227-3281,35.707405,139.77446
80,6令台台健生食ほ第1145号,飲食店営業（一般・日本料理）,上野一丁目２番７号,レイコーレナ０００Ａ号室,海と山の幸　和,※,,2024/11/26,2030/11/30,※,※,※,35.705685,139.771011
81,6令台台健生食ほ第1225号,飲食店営業（一般・日本料理）,浅草一丁目２８番２号,シカゴビル１階・地下１階,和牛刀　浅草２号店,禅ＷＡＧＹＵ株式会社,5811-1829,2024/11/25,2031/11/30,東京都台東区浅草１丁目３６番２号,,5246-3729,35.712158,139.79451
82,6令台台健生食ほ第1252号,飲食店営業（一般・日本料理）,浅草一丁目３６番２号,いせ勘ビル１．２階,和牛の刀　本店,禅ＷＡＧＹＵ株式会社,,2024/11/18,2031/11/30,東京都台東区浅草１丁目３６番２号,,5246-3729,35.712418,139.79686
83,6令台台健生食ほ第1158号,飲食店営業（一般・日本料理）,上野六丁目８番７号,２階～４階,壱番亭　和牛と牛タン,増福株式会社,6284-2135,2024/11/5,2030/11/30,東京都台東区上野三丁目２７番７号,１階,5812-5561,35.709553,139.775513
84,6令台台健生食ほ第1348号,飲食店営業（一般・日本料理）,蔵前四丁目２３番１号,,鰻　ふぐ　懐石　今井,※,3866-4047,2024/11/29,2030/11/30,※,※,※,35.704739,139.789246
85,6令台台健生食ほ第1340号,飲食店営業（自動車）,都内一円,,ＨＡＲＲＹ　ＣＵＲＲＹ　ＦＯＯＤ　ＴＲＵＣＫ,Ｈ＆ＴＯＭＡＳ株式会社,,2024/11/22,2029/11/30,栃木県宇都宮市屋板町１５１０番地４,,,　,　
86,6令台台健生食ほ第1253号,飲食店営業（自動車）,都内一円,,キボンキッチンカー,株式会社　キボン,,2024/11/12,2029/11/30,東京都台東区西浅草２丁目１５番１３号,,,　,　
87,6令台台健生食ほ第1206号,飲食店営業（弁当）,上野三丁目２８番４号,東館２階,松坂屋　上野店（催事用２）,株式会社大丸松坂屋百貨店,3832-1111,2024/11/6,2031/11/30,東京都江東区木場二丁目１８番１１号,,3832-1111,35.707314,139.773682
88,6令台台健生食ほ第1335号,飲食店営業（弁当）,蔵前二丁目１４番２号,ＫｉｔｃｈｅｎＢＡＳＥ蔵前３０３,ＫｉｔｃｈｅｎＢＡＳＥ蔵前　ＤＡＮＮＹＣＨＵＲＲＯＳ,ＭＡＴＡＮＩＣＡ合同会社,,2024/11/25,2031/11/30,福岡県福岡市博多区住吉５丁目２３番１号,,,35.703846,139.793076
89,6令台台健生食ほ第1287号,飲食店営業（弁当）,下谷一丁目１３番１３号,２階Ｄ,Ｐｉｎｔｏ　Ｔｈａｉ,※,,2024/11/22,2030/11/30,※,※,※,35.720253,139.782013
90,6令台台健生食ほ第1289号,菓子製造業（その他）,花川戸一丁目３番１３号,矢吹ビル１階,まるごとＶｅｇａｎダイニング浅草,※,6869-1553,2024/11/25,2030/11/30,※,※,※,35.711704,139.798889
91,6令台台健生食ほ第1207号,菓子製造業（その他）,上野三丁目２８番４号,東館２階,松坂屋　上野店（催事用２）,株式会社大丸松坂屋百貨店,3832-1111,2024/11/6,2031/11/30,東京都江東区木場二丁目１８番１１号,,3832-1111,35.707314,139.773682
92,6令台台健生食ほ第1080号,菓子製造業（その他）,蔵前二丁目６番４号,マスダヤビル１階,デイリーヤマザキ台東蔵前駅前店,※,5820-9151,2024/11/1,2030/10/31,※,※,※,35.703598,139.791565
93,6令台台健生食ほ第1223号,菓子製造業（その他）,谷中七丁目５番１０号,フォレスト初音１０１,ｃｒｅｐｅ　ｍａｋｉ　ｍａｋｉ,※,,2024/11/25,2030/11/30,※,※,※,35.723949,139.769119
94,6令台台健生食ほ第1173号,菓子製造業（パン製造業）,東上野二丁目１０番１２号,東上野２丁目ビル５階,まにゅぱん,株式会社ＯＦＦＩＣＥ　ＨＡＭＡＮＯ,3831-6420,2024/11/12,2030/11/30,東京都台東区東上野２丁目１０番１２号,東上野２丁目ビル,3831-6420,35.709248,139.779037
95,6令台台健生食ほ第1203号,菓子製造業（パン製造業）,上野七丁目１番１号,ＪＲ上野駅構内　ｅｃｕｔｅ上野Ｂ－３０４,ラ　ブランジュリ　キィニョン　エキュート上野店,株式会社キィニョン,6895-0050,2024/11/12,2030/11/30,東京都国分寺市南町２丁目１１番２３号,,,35.713696,139.776917
96,6令台台健生食ほ第1271号,菓子製造業（パン製造業）,谷中三丁目２番１０号,１階,リバティ,※,,2024/11/27,2030/11/30,※,※,※,35.7253,139.764221
97,6令台台健生食ほ第1227号,菓子製造業（生菓子）,谷中三丁目７番８号,朝倉ビル１階,谷中福丸饅頭,株式会社フードギャラリー,3823-0709,2024/11/20,2030/11/30,東京都台東区上野公園１６番１９号,,3828-7104,35.726063,139.764435
98,6令台台健生食ほ第1202号,菓子製造業（生菓子）,北上野二丁目３０番５号,大黒ビル１階,ＵＭＩ　ＣＡＫＥ,福祥柏元株式会社,,2024/11/1,2030/10/31,千葉県松戸市松戸１４０１番地,,,35.719547,139.784073
99,6令台台健生食ほ第1298号,食肉販売業,上野四丁目７番８号,アメ横センタービルＢ１,中国物産　海羽２号店,株式会社ハイユー,5818-1868,2024/11/25,2030/11/30,東京都台東区上野４丁目７番８号アメ横センタービルＢ１,,5818-1868,35.709705,139.774414
100,6令台台健生食ほ第1288号,食肉販売業,下谷一丁目１３番１３号,２階Ｄ,Ｐｉｎｔｏ　Ｔｈａｉ,※,,2024/11/22,2030/11/30,※,※,※,35.720253,139.782013
